{"mean": [-0.0015211878787055985, -0.008226497528636769, -0.004131638584470832, -0.4366924725225895, -5.553205168817755, 3.6570367758676454, -120.33344574789719, 14.768188665951318, -49.55224603405262, -7167.007905950402, 99.63535294236918, 1074.3577567979082], "scale": [1.036781530978221, 0.5861758541524965, 0.7357538224497352, 4.442206835182814, 4.68618865974591, 4.226733013306161, 1663.4738575669967, 1055.3725016162773, 1056.97698360381, 1542.6051920410932, 3065.6778004121074, 2436.575233262327]}